序号,内容,链接,热度,标签
,https://s.weibo.com/weibo?q=%23%E4%B8%AD%E5%9B%BD%E8%88%AA%E5%A4%A9%E5%8F%88%E8%A7%81%E5%A4%A7%E7%BA%A2%E5%B1%8F%23&Refer=new_time,中国航天又见大红屏,,热
1,https://s.weibo.com/weibo?q=%23%E7%9D%A1%E5%89%8D%E4%B8%8D%E6%B4%97%E8%84%B8%E4%BC%9A%E8%AE%A9%E7%9A%AE%E8%82%A4%E5%8F%98%E5%B7%AE%E5%90%97%23&t=31&band_rank=1&Refer=top,睡前不洗脸会让皮肤变差吗,1428274,沸
2,https://s.weibo.com/weibo?q=%23%E6%B5%B7%E5%BA%95%E6%8D%9E%E5%9B%9E%E5%BA%94140%E6%96%A4%E5%A5%B3%E7%94%9F%E5%BA%94%E8%81%98%E6%B4%97%E7%A2%97%E5%B7%A5%E8%A2%AB%E6%8B%92%23&t=31&band_rank=2&Refer=top,海底捞回应140斤女生应聘洗碗工被拒,1039645,新
3,https://s.weibo.com/weibo?q=%23%E4%B8%AD%E5%9B%BD%E5%A5%B3%E5%AD%90%E8%BD%AE%E6%A4%85%E7%AF%AE%E7%90%83%E9%98%9F%E5%8D%AB%E5%86%95%E4%BA%9A%E6%AE%8B%E8%BF%90%E4%BC%9A%E9%87%91%E7%89%8C%23&t=31&band_rank=3&Refer=top,中国女子轮椅篮球队卫冕亚残运会金牌,1017641,新
•,https://s.weibo.com/weibo?q=%23%E5%B9%B4%E5%BA%A6%E7%88%86%E6%AC%BE%E6%B8%85%E5%8D%95%E6%B3%84%E5%AF%86%23&t=31&band_rank=&Refer=top,年度爆款清单泄密,,荐
4,https://s.weibo.com/weibo?q=%23%E5%B0%8F%E7%B1%B314Pro%E7%BA%AF%E9%92%9B%23&t=31&band_rank=4&Refer=top,小米14Pro纯钛,1015778,新
5,https://s.weibo.com/weibo?q=%23%E5%8F%8D%E5%9E%84%E6%96%AD%E5%8A%9E%E5%9B%9E%E5%BA%94%E6%9D%8E%E4%BD%B3%E7%90%A6%E8%A2%AB%E8%B4%A8%E7%96%91%E6%B6%89%E5%AB%8C%E6%8E%A7%E4%BB%B7%23&t=31&band_rank=5&Refer=top,反垄断办回应李佳琦被质疑涉嫌控价,1008742,热
6,https://s.weibo.com/weibo?q=%E5%B0%8F%E7%B1%B314&t=31&band_rank=6&Refer=top,小米14,878894,沸
•,https://s.weibo.com/weibo?q=%23%E5%BD%93%E8%96%9B%E4%B9%8B%E8%B0%A6%E5%8F%98%E6%88%90%E7%A5%9E%E6%8E%A2%E4%B9%8B%E5%90%8E%23&topic_ad=1&t=31&band_rank=&Refer=top,当薛之谦变成神探之后,,焕新
7,https://s.weibo.com/weibo?q=%23%E5%B0%8F%E7%B1%B314Pro%E7%BB%88%E7%BB%93%E7%9B%B4%E5%B1%8F%E6%9B%B2%E5%B1%8F%E4%B9%8B%E4%BA%89%23&t=31&band_rank=7&Refer=top,小米14Pro终结直屏曲屏之争,637834,新
8,https://s.weibo.com/weibo?q=%23%E5%A5%B3%E6%98%8E%E6%98%9F%E7%9A%84%E7%89%99%E8%B4%B4%E9%9D%A2%23&t=31&band_rank=8&Refer=top,女明星的牙贴面,617407,
9,https://s.weibo.com/weibo?q=%E8%B4%B9%E7%BF%94%20%E5%B0%8F%E7%B1%B3&t=31&band_rank=9&Refer=top,费翔 小米,589258,新
10,https://s.weibo.com/weibo?q=%E8%B5%B5%E5%AD%90%E8%B1%AA%E8%A6%81%E7%BB%93%E5%A9%9A%E4%BA%86&t=31&band_rank=10&Refer=top,赵子豪要结婚了,536543,新
11,https://s.weibo.com/weibo?q=%23%E8%B5%B5%E4%B8%BD%E9%A2%96%E5%AF%B9%E6%8E%A5%E8%A6%81%E6%B1%82%E7%BE%8E%E5%9B%A2%E4%B9%B0%E8%8F%9C%E9%81%93%E6%AD%89%23&t=31&band_rank=11&Refer=top,赵丽颖对接要求美团买菜道歉,535164,新
12,https://s.weibo.com/weibo?q=%23%E5%BC%A0%E4%BA%91%E9%BE%99%E7%9B%B4%E6%92%AD%E4%B8%8D%E6%95%A2%E7%9C%8B%E9%92%9F%E6%A5%9A%E6%9B%A6%23&t=31&band_rank=12&Refer=top,张云龙直播不敢看钟楚曦,剧集 532706,
13,https://s.weibo.com/weibo?q=%E5%90%83%E7%81%AB%E9%94%85%E5%BF%98%E8%AE%B0%E5%B8%A6%E6%89%8E%E5%A4%B4%E7%BB%B3%E6%80%8E%E4%B9%88%E5%8A%9E&t=31&band_rank=13&Refer=top,吃火锅忘记带扎头绳怎么办,531209,
14,https://s.weibo.com/weibo?q=%23%E9%99%88%E9%92%B0%E7%90%AA%E7%A6%BB%E5%BC%80%E5%94%90%E5%AB%A3%E5%85%AC%E5%8F%B8%23&t=31&band_rank=14&Refer=top,陈钰琪离开唐嫣公司,432405,热
15,https://s.weibo.com/weibo?q=%E9%99%88%E7%89%A7%E9%A9%B0%E6%AD%A4%E6%B2%99%E6%8B%B3%E5%87%BB%E6%AF%94%E8%B5%9B%E6%89%93%E5%88%B0%E5%B0%B1%E5%8C%BB&t=31&band_rank=15&Refer=top,陈牧驰此沙拳击比赛打到就医,综艺 430182,新
16,https://s.weibo.com/weibo?q=%E9%87%91%E5%87%A1%20%E7%B4%A7%E5%BC%A0&t=31&band_rank=16&Refer=top,金凡 紧张,397754,
17,https://s.weibo.com/weibo?q=%23%E9%92%9F%E6%A5%9A%E6%9B%A6%E5%9B%9E%E5%A4%8D%E9%BB%91%E8%AF%84%23&t=31&band_rank=17&Refer=top,钟楚曦回复黑评,387622,新
18,https://s.weibo.com/weibo?q=%23%E4%B8%8A%E6%B5%B7%E8%BF%AA%E5%A3%AB%E5%B0%BC%E5%AE%98%E5%AE%A3%E7%96%AF%E7%8B%82%E5%8A%A8%E7%89%A9%E5%9F%8E%E5%9B%AD%E5%8C%BA%23&t=31&band_rank=18&Refer=top,上海迪士尼官宣疯狂动物城园区,368909,
19,https://s.weibo.com/weibo?q=%23%E8%BE%9B%E5%B7%B4%E8%B0%88%E6%9D%8E%E4%BD%B3%E7%90%A6%E5%86%8D%E9%99%B7%E8%88%86%E8%AE%BA%E9%A3%8E%E6%B3%A2%23&t=31&band_rank=19&Refer=top,辛巴谈李佳琦再陷舆论风波,323643,
20,https://s.weibo.com/weibo?q=%23%E4%BA%AC%E4%B8%9C%E9%87%87%E9%94%80%E7%9B%B4%E6%92%AD%E9%97%B4%E7%88%86%E4%BA%86%23&t=31&band_rank=20&Refer=top,京东采销直播间爆了,303834,
21,https://s.weibo.com/weibo?q=%E7%BB%93%E5%A9%9A%E5%89%8D%E4%B8%80%E5%A4%A9%E6%99%9A%E4%B8%8A%E7%9A%84%E8%81%8A%E5%A4%A9%E8%AE%B0%E5%BD%95&t=31&band_rank=21&Refer=top,结婚前一天晚上的聊天记录,302965,新
22,https://s.weibo.com/weibo?q=%23%E5%A5%B3%E5%9B%A2%E5%90%B8%E6%AF%92%E8%B0%A3%E8%A8%80%E5%9B%9B%E8%B5%B7%E7%9A%84%E5%8E%9F%E5%9B%A0%23&t=31&band_rank=22&Refer=top,女团吸毒谣言四起的原因,301553,新
23,https://s.weibo.com/weibo?q=%23%E8%8B%A5%E4%B9%B3%E8%85%BA%E7%BB%93%E8%8A%82%E4%B8%8D%E7%96%BC%E8%BF%98%E5%A2%9E%E5%A4%A7%E8%A6%81%E8%AD%A6%E6%83%95%23&t=31&band_rank=23&Refer=top,若乳腺结节不疼还增大要警惕,297964,
24,https://s.weibo.com/weibo?q=G2%E7%9C%8BTheShy%E9%80%89%E5%89%91%E9%AD%94&t=31&band_rank=24&Refer=top,G2看TheShy选剑魔,296931,
25,https://s.weibo.com/weibo?q=%23%E5%B0%8F%E7%B1%B3%E6%BE%8E%E6%B9%83OS%E6%AD%A3%E5%BC%8F%E5%8F%91%E5%B8%83%23&t=31&band_rank=25&Refer=top,小米澎湃OS正式发布,291256,
26,https://s.weibo.com/weibo?q=%23%E7%94%B0%E5%B0%8F%E5%A8%9F%E6%96%B9%E5%90%A6%E8%AE%A4%E6%B6%89%E6%AF%92%23&t=31&band_rank=26&Refer=top,田小娟方否认涉毒,290065,
27,https://s.weibo.com/weibo?q=%E5%B0%8F%E7%B1%B3%E5%8F%91%E5%B8%83%E4%BC%9A&t=31&band_rank=27&Refer=top,小米发布会,288745,
28,https://s.weibo.com/weibo?q=%23%E7%88%B8%E7%88%B8%E4%B8%BA%E4%BA%86%E5%A5%B3%E5%84%BF%E9%83%BD%E5%BF%AB%E5%8F%98%E6%88%90%E7%88%B1%E8%B1%86%E4%BA%86%23&t=31&band_rank=28&Refer=top,爸爸为了女儿都快变成爱豆了,276304,新
29,https://s.weibo.com/weibo?q=%23%E7%9B%B4%E6%92%AD%E9%97%B4%E5%BC%80%E5%A7%8B%E7%9B%AF%E7%9D%80%E5%AF%B9%E6%96%B9%E9%99%8D%E4%BB%B7%E4%BA%86%23&t=31&band_rank=29&Refer=top,直播间开始盯着对方降价了,266194,新
30,https://s.weibo.com/weibo?q=%23%E5%B0%8F%E7%B1%B3%E9%BE%99%E6%99%B6%E7%8E%BB%E7%92%83%23&t=31&band_rank=30&Refer=top,小米龙晶玻璃,266096,
31,https://s.weibo.com/weibo?q=%23BOA%E6%89%B3%E5%9B%9E%E4%B8%80%E5%B1%80%23&t=31&band_rank=31&Refer=top,BOA扳回一局,261669,新
32,https://s.weibo.com/weibo?q=%23%E5%88%98%E5%AE%B6%E6%98%8C%E5%8F%91%E9%95%BF%E6%96%87%E6%8E%A7%E8%AF%89%E5%89%8D%E5%A6%BB%E5%8F%8A%E5%84%BF%E5%AD%90%23&t=31&band_rank=32&Refer=top,刘家昌发长文控诉前妻及儿子,234401,新
33,https://s.weibo.com/weibo?q=%23%E7%A7%A6%E5%B2%9A%E6%8B%8D%E7%9A%84%E8%BE%9B%E8%8A%B7%E8%95%BE%23&t=31&band_rank=33&Refer=top,秦岚拍的辛芷蕾,综艺 227268,
34,https://s.weibo.com/weibo?q=%23%E7%8B%90%E5%A6%96%E5%B0%8F%E7%BA%A2%E5%A8%98%E9%95%9C%E8%8A%B1%E7%BC%98%E7%AF%87%E5%85%A8%E6%96%B0PV%23&t=31&band_rank=34&Refer=top,狐妖小红娘镜花缘篇全新PV,224651,新
35,https://s.weibo.com/weibo?q=%23%E5%A6%82%E4%BD%95%E8%8A%B1%E6%9C%80%E5%B0%91%E9%92%B1%E6%88%90%E4%B8%BA%E7%AC%AC%E4%B8%80%E7%9C%BC%E7%BE%8E%E5%A5%B3%23&t=31&band_rank=35&Refer=top,如何花最少钱成为第一眼美女,222778,
36,https://s.weibo.com/weibo?q=%23%E5%B7%B4%E9%BB%8E%E4%B8%96%E5%AE%B6%E5%8F%91%E5%9C%88%E5%9B%9B%E5%8D%83%E5%9D%97%23&t=31&band_rank=36&Refer=top,巴黎世家发圈四千块,201406,新
37,https://s.weibo.com/weibo?q=%23%E5%B7%B4%E9%BB%8E%E4%B8%96%E5%AE%B64%E5%8D%83%E5%85%83%E6%96%B0%E5%8F%91%E5%B8%A6%E4%B8%8A%E6%B5%B7%E9%97%A8%E5%BA%97%E5%B7%B2%E5%94%AE%E7%BD%84%23&t=31&band_rank=37&Refer=top,巴黎世家4千元新发带上海门店已售罄,199740,
38,https://s.weibo.com/weibo?q=%23%E9%87%91%E7%8F%89%E5%A5%8E%E7%AA%81%E5%8F%91%E8%85%B0%E4%BC%A4%23&t=31&band_rank=38&Refer=top,金珉奎突发腰伤,195720,新
39,https://s.weibo.com/weibo?q=%23%E6%88%90%E9%83%BD%E4%B8%80%E7%94%B7%E5%AD%90%E9%A9%AC%E8%B7%AF%E4%B8%AD%E9%97%B4%E6%8B%A6%E8%BD%A6%E8%A2%AB%E5%B8%A6%E5%80%92%E8%87%B4%E6%AD%BB%23&t=31&band_rank=39&Refer=top,成都一男子马路中间拦车被带倒致死,177893,
40,https://s.weibo.com/weibo?q=%23%E4%B8%AD%E5%9B%BD%E5%A5%B3%E8%B6%B3vs%E6%9C%9D%E9%B2%9C%E5%A5%B3%E8%B6%B3%23&t=31&band_rank=40&Refer=top,中国女足vs朝鲜女足,175989,
41,https://s.weibo.com/weibo?q=%23%E4%B8%AD%E5%9B%BD6%E5%90%8D%E8%88%AA%E5%A4%A9%E5%91%98%E5%A4%AA%E7%A9%BA%E6%8B%8D%E5%85%A8%E5%AE%B6%E7%A6%8F%23&t=31&band_rank=41&Refer=top,中国6名航天员太空拍全家福,175751,
42,https://s.weibo.com/weibo?q=%E5%B0%8F%E8%99%8E%E5%9C%A8%E5%B9%B2%E5%98%9B&t=31&band_rank=42&Refer=top,小虎在干嘛,175658,
43,https://s.weibo.com/weibo?q=%23%E5%A4%A9%E5%86%B7%E5%85%AC%E4%B8%BB%E8%AF%B7%E5%90%83%E7%81%AB%E9%94%85%23&t=31&band_rank=43&Refer=top,天冷公主请吃火锅,170053,新
44,https://s.weibo.com/weibo?q=%23%E7%A7%A6%E6%B5%B7%E7%92%90%E6%8E%A5%E8%80%81%E5%85%AC%E8%A7%86%E9%A2%91%E5%89%8D%E7%9A%84%E5%B0%8F%E7%BB%86%E8%8A%82%23&t=31&band_rank=44&Refer=top,秦海璐接老公视频前的小细节,综艺 163109,新
45,https://s.weibo.com/weibo?q=%23%E6%B3%95%E8%80%83%E4%B8%BB%E8%A7%82%E9%A2%98%23&t=31&band_rank=45&Refer=top,法考主观题,163107,
46,https://s.weibo.com/weibo?q=%E9%87%91%E7%8F%89%E5%A5%8E%E5%B0%86%E7%BC%BA%E5%B8%AD%E6%9C%AC%E5%91%A8%E6%B4%BB%E5%8A%A8&t=31&band_rank=46&Refer=top,金珉奎将缺席本周活动,163105,新
47,https://s.weibo.com/weibo?q=%23%E7%94%B0%E6%9F%BE%E5%9B%BD%E8%BD%A6%E9%93%B6%E4%BC%98%E9%83%91%E5%9C%A8%E7%8E%B9%E8%81%9A%E9%A4%90%23&t=31&band_rank=47&Refer=top,田柾国车银优郑在玹聚餐,163103,
48,https://s.weibo.com/weibo?q=%E5%86%9C%E6%9D%91%E5%A6%AE&t=31&band_rank=48&Refer=top,农村妮,163100,新
49,https://s.weibo.com/weibo?q=%23%E8%AD%A6%E6%96%B9%E8%B0%83%E6%9F%A5%E9%95%BF%E6%B1%9F%E5%A4%A7%E5%AD%A6%E8%AE%B2%E5%BA%A7%E6%92%AD%E6%94%BE%E4%B8%8D%E9%9B%85%E8%A7%86%E9%A2%91%23&t=31&band_rank=49&Refer=top,警方调查长江大学讲座播放不雅视频,163098,
50,https://s.weibo.com/weibo?q=%23%E5%85%AB%E5%AD%97%E5%88%98%E6%B5%B7%E8%93%AC%E6%9D%BE%E5%A4%A7%E5%8D%B7%23&t=31&band_rank=50&Refer=top,八字刘海蓬松大卷,163098,
